conflict_type	key_or_source_text	source_hash	rows	translation_variants	locations
same_source_text	Receive items and Zeni from eligible mail (up to 6 per use, 15s cooldown).	f3ab123119b0	2	从符合条件的邮件领取物品和索尼(每次最多6封，冷却15秒)。 | 从符合条件的邮件领取道具和索尼（每次最多6封，冷却15秒）。	taiwan:local_data.dat:DST_MAILSYSTEM_TOOLTIP_RECEIVE_ALL:legacy/translations/overrides.tsv:112 | lang0:lang0.pak:DST_MAILSYSTEM_TOOLTIP_RECEIVE_ALL:legacy/translations/lang0_overrides.tsv:822
same_source_text	Accessory 2 - Richness	743ac3dc0393	2	配件 2 - 光环 | 饰品2 - 富饶	taiwan:local_data.dat:DST_EQUIP_SLOT_TYPE_ACCESSORY2:legacy/translations/overrides.tsv:153 | lang0:lang0.pak:DST_EQUIP_SLOT_TYPE_ACCESSORY2:legacy/translations/lang0_overrides.tsv:102
same_source_text	%s Zeni	d89500f73efb	2	%s 索 | %s索尼	taiwan:local_data.dat:DST_DROPITEM_ZENNY:legacy/translations/overrides.tsv:154 | lang0:lang0.pak:DST_INFOWINDOW_ZENNY:legacy/translations/lang0_overrides.tsv:282
same_source_text	Party Only	58d840480dff	2	仅队伍 | 组队专用	taiwan:local_data.dat:DST_OPTION_PERF_PLAYER_FILTER_PARTY:legacy/translations/overrides.tsv:156 | lang0:lang0.pak:DST_OPTION_PERF_PLAYER_FILTER_PARTY:legacy/translations/lang0_overrides.tsv:476
same_source_text	Weapon	ead533685e26	3	主武器 | 武器	taiwan:local_data.dat:DST_EQUIP_SLOT_TYPE_HAND:legacy/translations/overrides.tsv:163 | lang0:lang0.pak:DST_EQUIP_SLOT_TYPE_HAND:legacy/translations/lang0_overrides.tsv:90 | lang0:lang0.pak:DST_MARKET_WEAPON:legacy/translations/lang0_overrides.tsv:713
same_source_text	Scouter	8bcb090d6225	4	史考特 | 探测器	taiwan:local_data.dat:DST_EQUIP_SLOT_TYPE_SCOUTER:legacy/translations/overrides.tsv:164 | lang0:lang0.pak:DST_EQUIP_SLOT_TYPE_SCOUTER:legacy/translations/lang0_overrides.tsv:97 | lang0:lang0.pak:DST_OPTION_CONTROL_ACTION_WINDOW_SCOUTER:legacy/translations/lang0_overrides.tsv:392 | lang0:lang0.pak:DST_MARKET_SCOUTER:legacy/translations/lang0_overrides.tsv:689
same_source_text	Namek	fa4790545002	4	那美 | 那美克	taiwan:table_text_all_data.rdf:4:6001515:0:legacy/translations/overrides.tsv:254 | lang0:lang0.pak:DST_MOB_TYPE_NAMEC:legacy/translations/lang0_overrides.tsv:75 | lang0:lang0.pak:DST_NAMEK:legacy/translations/lang0_overrides.tsv:134 | lang0:lang0.pak:DST_NAMEK:legacy/translations/lang0_overrides.tsv:619
same_source_text	@	9a78211436f6	2	命中率 | 回避率	taiwan:local_data.dat:DST_STATUS_TOOLTIP_ATTACK_RATING:legacy/translations/overrides.tsv:267 | taiwan:local_data.dat:DST_STATUS_TOOLTIP_DODGE_RATING:legacy/translations/overrides.tsv:268
same_source_text	Start	952f375412e8	2	开始 | 登录	lang0:lang0.pak:DST_LOGIN:legacy/translations/lang0_overrides.tsv:24 | lang0:lang0.pak:DST_LOBBY_GAME_START:legacy/translations/lang0_overrides.tsv:83
same_source_text	Normal	45e118d0563e	6	普通 | 正常	lang0:lang0.pak:DST_ITEM_GRADE_NORMAL:legacy/translations/lang0_overrides.tsv:38 | lang0:lang0.pak:DST_LOBBY_SERVER_NORMAL:legacy/translations/lang0_overrides.tsv:124 | lang0:lang0.pak:DST_OPTION_CHATTING_ADDED_NORMAL:legacy/translations/lang0_overrides.tsv:299 | lang0:lang0.pak:DST_OPTION_CHATTING_BASIC_NORMAL:legacy/translations/lang0_overrides.tsv:307 | lang0:lang0.pak:DST_OPTION_DROPFILTER_NORMAL:legacy/translations/lang0_overrides.tsv:416 | lang0:lang0.pak:DST_MARKET_NORMALTYPE:legacy/translations/lang0_overrides.tsv:676
same_source_text	No-Bank	fe517aab1048	3	禁仓库 | 禁公仓	lang0:lang0.pak:DST_ITEM_LIMITED_STORE_COMMON_WAREHOUSE:legacy/translations/lang0_overrides.tsv:67 | lang0:lang0.pak:DST_ITEM_LIMITED_STORE_GUILD_WAREHOUSE:legacy/translations/lang0_overrides.tsv:68 | lang0:lang0.pak:DST_ITEM_LIMITED_STORE_WAREHOUSE:legacy/translations/lang0_overrides.tsv:69
same_source_text	All Classes	0e75c6a2260c	2	全职业 | 所有职业	lang0:lang0.pak:DST_ITEM_ALL_RACE:legacy/translations/lang0_overrides.tsv:73 | lang0:lang0.pak:DST_MARKET_ALLCLASS:legacy/translations/lang0_overrides.tsv:632
same_source_text	Whisper	c010a73e4748	4	密语 | 私聊	lang0:lang0.pak:DST_OPTION_CHATTING_ADDED_WISPHER:legacy/translations/lang0_overrides.tsv:305 | lang0:lang0.pak:DST_OPTION_CHATTING_BASIC_WISPHER:legacy/translations/lang0_overrides.tsv:313 | lang0:lang0.pak:DST_POPUPMENU_SEND_WHISPER:legacy/translations/lang0_overrides.tsv:598 | lang0:lang0.pak:DST_FRIEND_WHISPER:legacy/translations/lang0_overrides.tsv:870
same_source_text	Block	82dd2cdf36f9	3	屏蔽 | 格挡	lang0:lang0.pak:DST_OPTION_CONTROL_ACTION_AVATAR_BLOCKING:legacy/translations/lang0_overrides.tsv:326 | lang0:lang0.pak:DST_POPUPMENU_USER_BLOCK:legacy/translations/lang0_overrides.tsv:599 | lang0:lang0.pak:DST_FRIEND_BLOCK:legacy/translations/lang0_overrides.tsv:843
same_source_text	Charge	d4e1aee46cda	2	蓄气 | 费用	lang0:lang0.pak:DST_OPTION_CONTROL_ACTION_AVATAR_CHARGE:legacy/translations/lang0_overrides.tsv:327 | lang0:lang0.pak:DST_MARKET_SELL_PRICE:legacy/translations/lang0_overrides.tsv:700
same_source_text	Filter Legendary Items 	b105e60d1ed5	2	过滤传说物品 | 过滤龙珠物品	lang0:lang0.pak:DST_OPTION_DROPFILTER_TOOLTIP_LEGENDARY:legacy/translations/lang0_overrides.tsv:438 | lang0:lang0.pak:DST_OPTION_DROPFILTER_TOOLTIP_DRAGONBALL:legacy/translations/lang0_overrides.tsv:439
same_source_text	Trumpet	66c3284825be	2	乐器 | 号角	lang0:lang0.pak:DST_INSTRUMENT:legacy/translations/lang0_overrides.tsv:735 | tbl:tbl0.pak:0x012732BD:legacy/translations/tbl_overrides.tsv:264
same_target	tbl:tbl0.pak:*		2	燃烧叛逆者 | 苍蓝叛逆者	legacy/translations/tbl_overrides.tsv:3 | legacy/translations/tbl_overrides.tsv:4
same_target	tbl:tbl1.pak:*		230	(气功师)(7天)超级赛亚人1 | (气功师)超级赛亚人1药水 | 7气功师 beginner clothes.\nLight and easy to move. | 9Arrogant Rabbit Boss made through the 武道家 top. | ANNamekians of the 那美克龙族 attack with/na succession of energy-based spells. | Broken 那美克龙族 Staff | CEach 那美克龙族 are waiting for this suit, contain mystery powers. | Delinquent 武道家 | Delinquent 气功师 | EV超级赛亚人药水[气功师] | KThe 气功师 master pummels his\nenemy with a barrage of energy blasts. | O6Skilled 气功师 beginners practice in this equip. | OB气功师 master who used to practice most often wearing these. | ORGenuine 气功师 masters, worked hard\nto make this high quality hermit equip. | OSEarly on the road to become a 气功师\nmaster, must wear these hermit clothes. | P3Ceremonial suit for the Namekians from 那美克龙族. | PONamekians from 那美克龙族 used to\npractice most often wearing this in battle. | PU气功师 love this necklace.\nIt's said that the symbol engraved is mysteriouse. | PZWhen you begin the 那美克龙族 training wear this equip.\nLightweight and easy to move in. | QArrogant Rabbit Boss clothing made\nthrough the 武道家 clothing material. | U7气功师 beginner clothes.\nLight and easy to move. | U气功师 love this necklace.\nIt's said that the symbol engraved is mysteriouse. | VU气功师 love this necklace.\nIt's said that the symbol engraved is mysteriouse. | Z武道家 tops made with human made\nfibre copied from firm skin tissues of namekian.	legacy/translations/tbl_overrides.tsv:5 | legacy/translations/tbl_overrides.tsv:6 | legacy/translations/tbl_overrides.tsv:7 | legacy/translations/tbl_overrides.tsv:8 | legacy/translations/tbl_overrides.tsv:9 | legacy/translations/tbl_overrides.tsv:10 | legacy/translations/tbl_overrides.tsv:11 | legacy/translations/tbl_overrides.tsv:12 | legacy/translations/tbl_overrides.tsv:13 | legacy/translations/tbl_overrides.tsv:14 | legacy/translations/tbl_overrides.tsv:15 | legacy/translations/tbl_overrides.tsv:16 | legacy/translations/tbl_overrides.tsv:17 | legacy/translations/tbl_overrides.tsv:18 | legacy/translations/tbl_overrides.tsv:19 | legacy/translations/tbl_overrides.tsv:20 | legacy/translations/tbl_overrides.tsv:21 | legacy/translations/tbl_overrides.tsv:22 | legacy/translations/tbl_overrides.tsv:23 | legacy/translations/tbl_overrides.tsv:24 | legacy/translations/tbl_overrides.tsv:25 | legacy/translations/tbl_overrides.tsv:26 | legacy/translations/tbl_overrides.tsv:27 | legacy/translations/tbl_overrides.tsv:28
